{"client_meta":{"background_color":{"r":0.9607843160629272,"g":0.9607843160629272,"b":0.9607843160629272,"a":1},"thumbnail_size":{"width":400,"height":400},"render_coordinates":{"x":0,"y":0,"width":512,"height":512}},"file_name":"Untitled"}